Workbook

Sheet Instructions
B2: Digital Transformation Readiness Framework
B4: A consulting-style diagnostic tool to assess an organization's readiness to adopt AI and digital technologies.
B6: How This Framework Works
B7: This tool scores an organization across five dimensions of digital and AI readiness. Each dimension is scored from 1 (Not Ready) to 5 (Fully Optimized) based on a set of weighted criteria.
B9: Step 1: Go to the Input tab
B10: For each criterion, enter a score from 1 to 5 based on the organization's current state. Use the scoring guide in column E for reference.
B12: Step 2: Review the Scoring tab
B13: This tab automatically calculates weighted scores per dimension and an overall readiness score. No manual input needed here, it pulls from Input.
B15: Step 3: View the Output tab
B16: See your maturity profile visualized as a radar chart, plus an overall readiness rating.
B18: Step 4: Check Recommendations
B19: Based on your scores, this tab auto-generates suggested next steps for each dimension scoring below 3.5.
... B26: 5. Leadership and Strategy — executive buy-in and clarity of digital vision

Sheet Input
B2: Input: Score Each Criterion (1–5)
B4: Dimension | C4: Criterion | D4: Score (1-5) | E4: Scoring Guide
B5: Data Maturity | C5: Data quality and consistency across systems | D5: 3 | E5: 1=Siloed/unreliable data, 5=Clean, governed, trusted data
C6: Data accessibility for decision-making | D6: 2 | E6: 1=Manual extraction only, 5=Self-service analytics available
C7: Data governance and ownership clarity | D7: 3 | E7: 1=No clear ownership, 5=Defined stewardship and policies
B8: Technology Infrastructure | C8: Cloud adoption and scalability | D8: 4 | E8: 1=Fully on-premise, 5=Cloud-native infrastructure
C9: ERP and core systems modernization | D9: 4 | E9: 1=Legacy/unsupported systems, 5=Modern, integrated ERP (e.g. S/4HANA)
C10: System integration capability | D10: 3 | E10: 1=Disconnected point solutions, 5=Fully integrated tech stack
B11: Talent and Skills | C11: AI and digital literacy across workforce | D11: 2 | E11: 1=Minimal awareness, 5=Broad fluency and active use
C12: Availability of technical talent | D12: 2 | E12: 1=No in-house capability, 5=Strong internal AI/data team
C13: Training and upskilling programs | D13: 2 | E13: 1=None exist, 5=Structured ongoing programs
B14: Process Standardization | C14: Documentation of core business processes | D14: 3 | E14: 1=Undocumented/tribal knowledge, 5=Fully documented SOPs
C15: Consistency of processes across locations/units | D15: 3 | E15: 1=Highly variable, 5=Standardized globally
C16: Process automation maturity | D16: 3 | E16: 1=Fully manual, 5=Significant automation in place
B17: Leadership and Strategy | C17: Executive sponsorship for digital initiatives | D17: 4 | E17: 1=No visible support, 5=Active, funded sponsorship
C18: Clarity of digital transformation strategy | D18: 3 | E18: 1=No defined strategy, 5=Clear roadmap with milestones
C19: Change management capability | D19: 3 | E19: 1=No formal process, 5=Mature change management function

Sheet Scoring
B2: Dimension Scoring (Auto-Calculated)
B4: Dimension | C4: Average Score | D4: Maturity Level | E4: Weight
B5: Data Maturity | C5: =AVERAGE(Input!D5:D7) -> 2.6666667 | D5: =IF(C5>=4.5,"Optimized",IF(C5>=3.5,"Advanced",IF(C5>=2.5,"Developing",IF(C5>=1.5,"Emerging","Not Ready")))) -> Developing | E5: 0.2
B6: Technology Infrastructure | C6: =AVERAGE(Input!D8:D10) -> 3.6666667 | D6: =IF(C6>=4.5,"Optimized",IF(C6>=3.5,"Advanced",IF(C6>=2.5,"Developing",IF(C6>=1.5,"Emerging","Not Ready")))) -> Advanced | E6: 0.2
B7: Talent and Skills | C7: =AVERAGE(Input!D11:D13) -> 2 | D7: =IF(C7>=4.5,"Optimized",IF(C7>=3.5,"Advanced",IF(C7>=2.5,"Developing",IF(C7>=1.5,"Emerging","Not Ready")))) -> Emerging | E7: 0.2
B8: Process Standardization | C8: =AVERAGE(Input!D14:D16) -> 3 | D8: =IF(C8>=4.5,"Optimized",IF(C8>=3.5,"Advanced",IF(C8>=2.5,"Developing",IF(C8>=1.5,"Emerging","Not Ready")))) -> Developing | E8: 0.2
B9: Leadership and Strategy | C9: =AVERAGE(Input!D17:D19) -> 3.3333333 | D9: =IF(C9>=4.5,"Optimized",IF(C9>=3.5,"Advanced",IF(C9>=2.5,"Developing",IF(C9>=1.5,"Emerging","Not Ready")))) -> Developing | E9: 0.2
B11: Overall Weighted Readiness Score | C11: =SUMPRODUCT(C5:C9,E5:E9) -> 2.9333333
B12: Weight Check (should equal 100%) | C12: =SUM(E5:E9) -> 1
B14: Note: adjust weights in column E if some dimensions matter more for your client's industry. They must sum to 100%.

Sheet Output
B2: Readiness Profile Output
B4: Dimension | C4: Score
B5: Data Maturity | C5: =Scoring!C5 -> 2.6666667
B6: Technology Infrastructure | C6: =Scoring!C6 -> 3.6666667
B7: Talent and Skills | C7: =Scoring!C7 -> 2
B8: Process Standardization | C8: =Scoring!C8 -> 3
B9: Leadership and Strategy | C9: =Scoring!C9 -> 3.3333333
B11: Overall Readiness Score | C11: =Scoring!C11 -> 2.9333333
B12: Overall Maturity Rating | C12: =IF(C11>=4.5,"Optimized",IF(C11>=3.5,"Advanced",IF(C11>=2.5,"Developing",IF(C11>=1.5,"Emerging","Not Ready")))) -> Developing

Sheet Recommendations
B2: Recommendations (Auto-Generated)
B4: Dimension | C4: Score | D4: Recommended Next Step
B5: Data Maturity | C5: =Scoring!C5 -> 2.6666667 | D5: =IF(C5<3.5,"Establish a data governance framework, assign data stewards, and prioritize cleansing of core master data before scaling AI initiatives.","Strong performance. Maintain current practices and monitor for continuous improvement.") -> Establish a data governance framework, assign data stewards, and prioritize cleansing of core master data before scaling AI initiatives.
B6: Technology Infrastructure | C6: =Scoring!C6 -> 3.6666667 | D6: =IF(C6<3.5,"Develop a phased cloud migration roadmap and evaluate ERP modernization (e.g. S/4HANA) to enable system integration.","Strong performance. Maintain current practices and monitor for continuous improvement.") -> Strong performance. Maintain current practices and monitor for continuous improvement.
B7: Talent and Skills | C7: =Scoring!C7 -> 2 | D7: =IF(C7<3.5,"Launch a structured AI literacy program and identify internal champions to lead pilot projects.","Strong performance. Maintain current practices and monitor for continuous improvement.") -> Launch a structured AI literacy program and identify internal champions to lead pilot projects.
B8: Process Standardization | C8: =Scoring!C8 -> 3 | D8: =IF(C8<3.5,"Document core processes via process mining or workshops, and standardize across business units before automating.","Strong performance. Maintain current practices and monitor for continuous improvement.") -> Document core processes via process mining or workshops, and standardize across business units before automating.
B9: Leadership and Strategy | C9: =Scoring!C9 -> 3.3333333 | D9: =IF(C9<3.5,"Secure an executive sponsor, define a 12 to 18 month digital roadmap, and tie initiatives to measurable business outcomes.","Strong performance. Maintain current practices and monitor for continuous improvement.") -> Secure an executive sponsor, define a 12 to 18 month digital roadmap, and tie initiatives to measurable business outcomes.
